id,title,release_date,popularity,overview
939243,Sonic the Hedgehog 3,2024-12-19,4338.285,"Sonic, Knuckles, and Tails reunite against a powerful new adversary, Shadow, a mysterious villain with powers unlike anything they have faced before. With their abilities outmatched in every way, Team Sonic must seek out an unlikely alliance in hopes of stopping Shadow and protecting the planet."
1043905,Dirty Angels,2024-12-11,1900.243,"During the United States' 2021 withdrawal from Afghanistan, a group of female soldiers posing as medical relief are sent back in to rescue a group of kidnapped teenagers caught between ISIS and the Taliban."
974453,Absolution,2024-10-31,1574.973,"An aging ex-boxer gangster working as muscle for a Boston crime boss receives an upsetting diagnosis.  Despite a faltering memory, he attempts to rectify the sins of his past and reconnect with his estranged children. He is determined to leave a positive legacy for his grandson, but the criminal underworld isn’t done with him and won’t loosen their grip willingly."
1035048,Elevation,2024-11-07,1534.174,A single father and two women venture from the safety of their homes to face monstrous creatures to save the life of a young boy.
539972,Kraven the Hunter,2024-12-11,872.363,"Kraven Kravinoff's complex relationship with his ruthless gangster father, Nikolai, starts him down a path of vengeance with brutal consequences, motivating him to become not only the greatest hunter in the world, but also one of its most feared."
1064213,Anora,2024-10-14,816.029,"A young sex worker from Brooklyn gets her chance at a Cinderella story when she meets and impulsively marries the son of an oligarch. Once the news reaches Russia, her fairytale is threatened as his parents set out to get the marriage annulled."
1138194,Heretic,2024-10-31,718.733,"Two young missionaries are forced to prove their faith when they knock on the wrong door and are greeted by a diabolical Mr. Reed, becoming ensnared in his deadly game of cat-and-mouse."
426063,Nosferatu,2024-12-25,601.663,"A gothic tale of obsession between a haunted young woman and the terrifying vampire infatuated with her, causing untold horror in its wake."
1051896,Arcadian,2024-04-12,540.064,"In the near future, on a decimated Earth, Paul and his twin sons face terror at night when ferocious creatures awaken. When Paul is nearly killed, the boys come up with a plan for survival, using everything their father taught them to keep him alive."
1196470,Survive,2024-06-19,474.413,A couple celebrates their son’s birthday in the middle of the ocean on their boat. A violent storm hits and it brings up hungry creatures from the depths and they fight for their survival.
1100099,We Live in Time,2024-10-10,379.64,"An up-and-coming chef and a recent divorcée find their lives forever changed when a chance encounter brings them together, in a decade-spanning, deeply moving romance."
1084736,The Count of Monte Cristo,2024-06-28,379.486,"Edmond Dantes becomes the target of a sinister plot and is arrested on his wedding day for a crime he did not commit. After 14 years in the island prison of Château d’If, he manages a daring escape. Now rich beyond his dreams, he assumes the identity of the Count of Monte-Cristo and exacts his revenge on the three men who betrayed him."
978796,Bagman,2024-09-20,347.576,"For centuries and across cultures, parents have warned their children of the legendary Bagman, who snatches innocent children and stuffs them into his vile, rotting bag—never to be seen again. Patrick McKee narrowly escaped such an encounter as a boy, which left him with lasting scars throughout his adulthood. Now, Patrick’s childhood tormentor has returned, threatening the safety of his wife Karina and son Jake."
823219,Flow,2024-08-29,309.352,"A solitary cat, displaced by a great flood, finds refuge on a boat with various species and must navigate the challenges of adapting to a transformed world together."
1106739,Juror #2,2024-10-30,261.261,"While serving as a juror in a high profile murder trial, family man Justin Kemp finds himself struggling with a serious moral dilemma…one he could use to sway the jury verdict and potentially convict—or free—the accused killer."
839033,The Lord of the Rings: The War of the Rohirrim,2024-12-05,385.115,"183 years before the events chronicled in the original trilogy, a sudden attack by Wulf, a clever and ruthless Dunlending lord seeking vengeance for the death of his father, forces Helm Hammerhand and his people to make a daring last stand in the ancient stronghold of the Hornburg. Finding herself in an increasingly desperate situation, Héra, the daughter of Helm, must summon the will to lead the resistance against a deadly enemy intent on their total destruction."
1232449,Young Hearts,2024-10-26,262.405,"Fourteen-year-old Elias increasingly feels like an outsider in his village. When he meets his new neighbour of the same age, Alexander, Elias is confronted with his burgeoning sexuality."
157336,Interstellar,2014-11-05,215.992,The adventures of a group of explorers who make use of a newly discovered wormhole to surpass the limitations on human space travel and conquer the vast distances involved in an interstellar voyage.
1082195,The Order,2024-12-05,204.334,A string of violent robberies in the Pacific Northwest leads a veteran FBI agent into a domestic terrorist plot to overthrow the federal government.
1014505,OVERLORD: The Sacred Kingdom,2024-09-20,234.644,"After twelve years of playing his favorite MMORPG game, Momonga logs in for the last time only to find himself transported into its world playing it indefinitely. Throughout his adventures, his avatar ascends to the title of Sorcerer King Ains Ooal Gown. Once prosperous but now on the brink of ruin, The Sacred Kingdom enjoyed years of peace after construction of an enormous wall protecting them from neighboring invasions. But, one day this comes to an end when the Demon Emperor Jaldabaoth arrives with an army of villainous demi-humans. Fearing invasion of their own lands, the neighboring territory of the Slane Theocracy is forced to beg their enemies at the Sorcerer Kingdom for help. Heeding the call, Momonga, now known as the Sorcerer King Ains Ooal Gown, rallies the Sorcerer Kingdom and its undead army to join the fight alongside the Sacred Kingdom and the Slane Theocracy in hopes to defeat the Demon Emperor."
974576,Conclave,2024-10-25,229.709,"After the unexpected death of the Pope, Cardinal Lawrence is tasked with managing the covert and ancient ritual of electing a new one. Sequestered in the Vatican with the Catholic Church’s most powerful leaders until the process is complete, Lawrence finds himself at the center of a conspiracy that could lead to its downfall."
1097549,Babygirl,2024-12-25,202.786,A high-powered CEO puts her career and family on the line when she begins a torrid affair with her much younger intern.
866398,The Beekeeper,2024-01-08,181.652,One man's campaign for vengeance takes on national stakes after he is revealed to be a former operative of a powerful and clandestine organization known as Beekeepers.
1216191,Oddity,2024-07-19,175.636,"After the brutal murder of her twin sister, Darcy goes after those responsible by using haunted items as her tools for revenge."
1029281,Strange Darling,2024-08-22,175.077,Nothing is what it seems when a twisted one-night stand spirals into a serial killer’s vicious murder spree.
588648,Dragonkeeper,2024-04-11,169.589,"Set in Han Imperial China, the plot follows the adventures of enslaved girl Ping with ancient dragon Long Danzi. Dragons had been banished from the kingdom. Ping, an orphan, finds one of the last remaining dragon eggs. Palace guards force Ping to run away in order to return the dragon egg to the ocean and save all dragons from extinction. Ping discovers that she is a true Dragonkeeper."
1038263,Maria,2024-11-27,154.639,"Maria Callas, the world's greatest opera singer, lives the last days of her life in 1970s Paris, as she confronts her identity and life."
592831,Megalopolis,2024-09-25,150.282,"Genius artist Cesar Catilina seeks to leap the City of New Rome into a utopian, idealistic future, while his opposition, Mayor Franklyn Cicero, remains committed to a regressive status quo, perpetuating greed, special interests, and partisan warfare. Torn between them is socialite Julia Cicero, the mayor’s daughter, whose love for Cesar has divided her loyalties, forcing her to discover what she truly believes humanity deserves."
936245,Hidden Face,2024-11-20,148.62,"Su-yeon, a cellist in an orchestra led by her fiancé and conductor Sung-jin, disappears one day, leaving behind only a video recording. Sung-jin is devastated over the loss of Su-yeon, but feels a strong attraction to Mi-ju, a cellist who fills in for his fiancée. Then one rainy night, Sung-jin and Mi-ju get swept away by their mutual desires for each other and commit an unforgivable act at Su-yeon’s house. Meanwhile, Su-yeon, who is thought to have gone missing, remains trapped in a secret room inside her house, and watches the naked truth unravel before her."
970450,Werewolves,2024-12-04,143.64,"A year after a supermoon’s light activated a dormant gene, transforming humans into bloodthirsty werewolves and causing nearly a billion deaths, the nightmare resurfaces as the supermoon rises again. Two scientists attempt to stop the mutation but fail, leaving those exposed to the moonlight to once again become feral werewolves. Chaos engulfs the streets as the scientists struggle to reach one of their family homes, now under siege by the savage creatures."
1068518,Haunted Heart,2024-08-23,136.296,"On a beautiful remote island in Greece, young and spirited Alex joins the team of a boutique seaside restaurant as their new waitress. Despite her femme-fatale charm quickly winning the heart of the charismatic Enrico, she instead falls for the enigmatic restaurant manager Max, a reclusive American who settled on the island decades ago. As the seasons pass, sexual tensions rise, and tourists come and go, Enrico begins to unearth disturbing clues about Max's dark and mysterious past."
785542,The Outrun,2024-09-27,131.856,"Fresh out of rehab, Rona returns to the Orkney Islands—a place both wild and beautiful, right off the Scottish coast. Now 29 and after more than a decade of living life on the edge in London, where she both found and lost love, Rona attempts to come to terms with her troubled past. As she reconnects with the dramatic landscape where she grew up, memories of her traumatic childhood merge with more recent challenging events that have set her on the path to recovery."
974950,Emilia Pérez,2024-08-21,127.382,"Rita, an underrated lawyer working for a large law firm more interested in getting criminals out of jail than bringing them to justice, is hired by the leader of a criminal organization."
1087822,Hellboy: The Crooked Man,2024-08-29,123.694,"Hellboy and a rookie BPRD agent get stranded in 1950s rural Appalachia. There, they discover a small community haunted by witches, led by a local devil with a troubling connection to Hellboy's past: the Crooked Man."
923667,Twilight of the Warriors: Walled In,2024-04-23,120.531,"In 1980s Hong Kong, troubled youth Chan Lok-kwun, a mainland refugee, struggles to survive in the Kowloon Walled City by joining underground fights. Betrayed by crime boss Mr. Big while trying to buy a fake ID, he steals drugs from him and seeks refuge in the Walled City, where he encounters Cyclone, a compassionate yet authoritative crime lord."
928480,Monster Summer,2024-10-04,113.147,"When a mysterious force begins to disrupt their big summer fun, Noah and his friends team up with a retired police detective to embark on a monstrous adventure to save their island."
567811,10 Lives,2024-04-18,107.527,"A pampered cat takes for granted the lucky hand he has been dealt after he is rescued and loved by Rose, a kind-hearted and passionate student. When he loses his ninth life, fate steps in to set him on a transformative journey."
1102493,Small Things Like These,2024-11-01,104.978,"While working as a coal merchant to support his family, Bill Furlong discovers disturbing secrets kept by the local convent and uncovers truths of his own; forcing him to confront his past and the complicit silence of a small Irish town controlled by the Catholic Church."
129,Spirited Away,2001-07-20,102.2,"A young girl, Chihiro, becomes trapped in a strange new world of spirits. When her parents undergo a mysterious transformation, she must call upon the courage she never knew she had to free her family."
969492,Land of Bad,2024-02-09,89.019,"When a Delta Force special ops mission goes terribly wrong, Air Force drone pilot Reaper has 48 hours to remedy what has devolved into a wild rescue operation. With no weapons and no communication other than the drone above, the ground mission suddenly becomes a full-scale battle when the team is discovered by the enemy."
661539,A Complete Unknown,2024-12-18,88.787,"New York, early 1960s. Against the backdrop of a vibrant music scene and tumultuous cultural upheaval, an enigmatic 19-year-old from Minnesota arrives in the West Village with his guitar and revolutionary talent, destined to change the course of American music."
280,Terminator 2: Judgment Day,1991-07-03,77.685,"Set ten years after the events of the original, James Cameron’s classic sci-fi action flick tells the story of a second attempt to get rid of rebellion leader John Connor, this time targeting the boy himself. However, the rebellion has sent a reprogrammed terminator to protect Connor."
807,Se7en,1995-09-22,83.018,"Two homicide detectives are on a desperate hunt for a serial killer whose crimes are based on the ""seven deadly sins"" in this dark and haunting film that takes viewers from the tortured remains of one victim to the next. The seasoned Det. Sommerset researches each sin in an effort to get inside the killer's mind, while his novice partner, Mills, scoffs at his efforts to unravel the case."
1059264,The Inseparables,2023-09-01,83.567,"The animated buddy movie follows the misadventures of Don, a runaway puppet with boundless imaginations, and DJ Doggy Dog, an abandoned plush looking for a friend, who cross paths in Central Park and team up against all odds for a epic friendship adventure in New York."
940139,Here,2024-10-30,77.436,"An odyssey through time and memory, centered around a place in New England where—from wilderness, and then, later, from a home—love, loss, struggle, hope and legacy play out between couples and families over generations."
646683,The Exorcism,2024-05-30,81.798,"A troubled actor begins to unravel while shooting a supernatural horror film, leading his estranged daughter to wonder if he's slipping back into his past addictions or if there's something more sinister at play."
1225377,The Mouse Trap,2024-08-23,75.162,"It's Alex's 21st Birthday, but she's stuck at the amusement arcade on a late shift so her friends decide to surprise her, but a masked killer dressed as Mickey Mouse decides to play a game of his own with them which she must survive."
1182047,The Apprentice,2024-10-09,68.139,"A young Donald Trump, eager to make his name as a hungry scion of a wealthy family in 1970s New York, comes under the spell of Roy Cohn, the cutthroat attorney who would help create the Donald Trump we know today. Cohn sees in Trump the perfect protégé—someone with raw ambition, a hunger for success, and a willingness to do whatever it takes to win."
1059128,Queer,2024-11-27,66.19,"In 1950s Mexico City, William Lee, an American expat in his late forties, leads a solitary life amidst a small American community. However, the arrival in town of Eugene Allerton, a young student, stirs William into finally establishing a meaningful connection with someone."
1361292,Cellar Door,2024-10-31,55.054,"Looking for a fresh start after a miscarriage, a couple find themselves being gifted the house of their dreams with one caveat - they can never open the cellar door. Whether they can live without knowing triggers shocking consequences."
516729,Paddington in Peru,2024-11-07,55.829,"Paddington travels to Peru to visit his beloved Aunt Lucy, who now resides at the Home for Retired Bears. With the Brown Family in tow, a thrilling adventure ensues when a mystery plunges them into an unexpected journey through the Amazon rainforest and up to the mountain peaks of Peru."
799766,Better Man,2024-12-14,55.106,"Follow Robbie Williams' journey from childhood, to being the youngest member of chart-topping boyband Take That, through to his unparalleled achievements as a record-breaking solo artist – all the while confronting the challenges that stratospheric fame and success can bring."
1164355,Lembayung,2024-09-19,56.204,"Arum and Pica, who wanted to complete their internship at Lembayung hospital, had to face mysterious terror from a woman satan who was suspected of hanged herself in the bathroom. The situation became even more tense after they asked others for help to the point where they threatened their own lives and those closest to them."
976576,Emmanuelle,2024-09-25,84.198,A young woman embarks on a series of sexual adventures with a series of men and women against the backdrop of expatriate life in Hong Kong.
832964,Lee,2024-09-12,64.468,"The true story of photographer Elizabeth ""Lee"" Miller, a fashion model who became an acclaimed war correspondent for Vogue magazine during World War II."
1128650,The Prosecutor,2024-12-08,65.503,"Poor young Ma Zhijie lent his address and mistakenly received a drug package. Under the deception and misleading of the defense lawyer, he admitted to the drug trafficking charge. The former detective prosecutor Huo Zihao (played by Donnie Yen) used his police sense and persistence to investigate this unjust case despite violating regulations, and uncovered the true nature of the defense lawyer team through meticulous investigation. Under the obstruction of evil forces such as O'Brien (played by Zhang Zhilin), Huo Zihao bravely overcame difficulties and set traps, successfully restored the truth and brought the real criminals to justice, upholding the dignity of the law and preventing a ruthless miscarriage of justice."
1292359,"Hello, Love, Again",2024-11-13,56.189,"Five years on from when Joy said goodbye to Ethan and Hong Kong to pursue her dreams in Canada. After fighting for their love to conquer the time, distance and a global shutdown that kept them apart, Joy and Ethan meet again in Canada but realize that they have also changed a lot, individually."
858017,I Saw the TV Glow,2024-05-03,54.445,"Teenager Owen is just trying to make it through life in the suburbs when his classmate Maddy introduces him to a mysterious late-night TV show — a vision of a supernatural world beneath their own. In the pale glow of the television, Owen’s view of reality begins to crack."
604685,Den of Thieves 2: Pantera,2025-01-08,45.525,"Big Nick is back on the hunt in Europe and closing in on Donnie, who is embroiled in the treacherous and unpredictable world of diamond thieves and the infamous Panther mafia, as they plot a massive heist of the world's largest diamond exchange."
1088514,The Room Next Door,2024-10-07,53.678,"Ingrid and Martha were close friends in their youth, when they worked together at the same magazine. Ingrid went on to become an autofiction novelist while Martha became a war reporter, and they were separated by the circumstances of life. After years of being out of touch, they meet again in an extreme but strangely sweet situation."
1106904,Totto-chan: The Little Girl at the Window,2023-12-08,47.906,"This engaging series of childhood recollections tells of an unconventional school in Tokyo during World War II that combined learning with fun, freedom, and love. The school had old railroad cars for classrooms and was run by an extraordinary man – its founder and headmaster, Sōsaku Kobayashi – who deeply valued children's independence, and who was a firm believer in freedom of expression and activity."
801688,Kalki 2898-AD,2024-06-26,45.367,"In the year 2898 AD, around 6000 years after Kurukshetra war, Ashwatthama gears up for his final battle of redemption at the sign of hope in a dystopian world and Bhairava, a wisecracking and self-interested bounty hunter, tired of the perilous life becomes the hurdle in the process."
413846,1992,2022-10-12,48.099,"In 1992, Mercer is desperately trying to rebuild his life and his relationship with his son amidst the turbulent Los Angeles uprising following the Rodney King verdict. Across town, another father and son put their own strained relationship to the test as they plot a dangerous heist to steal catalytic converters, which contain valuable platinum from the factory where Mercer works. As tensions rise and chaos erupts, both families reach their boiling points when their worlds collide."
610251,Harbin,2024-12-24,38.211,"In 1909, several years after Korea is forced into becoming a Japanese colony, freedom fighters plot the daring assassination of Japan’s prime minister during their quest for independence."
1103621,How to Make Millions Before Grandma Dies,2024-04-04,50.341,"M, a university dropout low on money and luck, volunteers to take care of his terminally ill grandmother, in the hope of pocketing an inheritance."
878607,An Unfinished Film,2024-10-23,39.741,"In January 2020, director Xiaorui convinces his cast and crew to resume the shooting of a film halted a decade earlier. With the shoot almost complete, rumors regarding an illness begin to circulate. Some cast and crew manage to leave before the hotel is put on lockdown. Everyone remaining is confined to their rooms, and the director must decide whether to halt filming once more as Wuhan is shut down in the early days of a terrifying pandemic."
1128752,Bird,2024-11-08,46.287,"12-year-old Bailey lives with her single dad Bug and brother Hunter in a squat in North Kent. Bug doesn’t have much time for his kids, and Bailey, who is approaching puberty, seeks attention and adventure elsewhere."
1013850,A Real Pain,2024-11-01,39.045,Mismatched cousins David and Benji reunite for a tour through Poland to honor their beloved grandmother. The adventure takes a turn when the pair's old tensions resurface against the backdrop of their family history.
1020896,Handling the Undead,2024-02-09,45.03,"On a hot summer day in Oslo, the dead mysteriously awaken, and three families are thrown into chaos when their deceased loved ones come back to them. Who are they, and what do they want?"
1311537,Octopus with Broken Arms,2024-12-28,37.614,"Coinciding with a grand local holiday celebration, wealthy businessman Zheng Bingrui invites his daughter Tingting's teacher Li Huiping and a group of classmates' parents to a party at his home, but Tingting is suddenly kidnapped. Police officer Zhang Jingxian led the team to investigate the case, the kidnappers to Ting Ting life threat, requiring Zheng Li with a huge ransom to the appointment, along the way the two found the kidnapping case behind the hidden secrets ......"
1109255,Parthenope,2024-10-19,37.936,"Parthenope, born in the sea near Naples in 1950, is beautiful, enigmatic, and intelligent. She is shamelessly courted by many. However, beauty comes at a cost. A jealousy-fueled drama becomes the catalyst for a lifelong quest—a journey filled with extraordinary encounters and experiences."
1064486,Memoir of a Snail,2024-10-17,36.678,"Forcibly separated from her twin brother when they are orphaned, a melancholic misfit learns how to find confidence within herself amid the clutter of misfortunes and everyday life."
926670,Henry Danger: The Movie,2025-01-17,40.135,"Henry Hart meets a superfan—eager to fight crime with Kid Danger—who comes into possession of a device that can open up alternate realities. Facing a wild ride, Henry will need his best friend Jasper and his new superfan sidekick to find his way out or be stuck in another dimension forever."
1278263,The Seed of the Sacred Fig,2024-09-18,34.055,"An investigating judge in the Revolutionary Court in Tehran grapples with mistrust and paranoia as nationwide political protests intensify and his gun mysteriously disappears. Suspecting the involvement of his wife and their two daughters, he imposes drastic measures at home, causing tensions to rise. Step by step, social norms and the rules of family life are being suspended."
1128559,Super/Man: The Christopher Reeve Story,2024-09-21,36.947,"Christopher Reeve portrayed the Man of Steel in four Superman films and played dozens of other roles that displayed his talent and range as an actor, before being injured in a near-fatal horse-riding accident in 1995 that left him paralyzed from the neck down. After becoming a quadriplegic, he became a charismatic leader and activist in the quest to find a cure for spinal cord injuries, as well as a passionate advocate for disability rights and care."
1160981,Hear Me: Our Summer,2024-11-06,30.873,"Yong-jun works part-time at his parents' lunch box house. Yeo-reum lives only to support for hearing-imparied swimmer sister. One day, Yong-jun meets Yeo-reum while delivering lunch boxes and falls in love at the first sight. Yeo-reum slowly her heart to warm hearted Yong-jun."
15370,The Cat Returns,2002-07-19,24.606,"Young Haru rescues a cat from being run over, but soon learns it's no ordinary feline; it happens to be the Prince of the Cats."
1023915,2073,2024-12-27,23.855,"Inspired by Chris Marker's iconic 1962 featurette La Jetée; the year is 2073—a not-so-distant dystopian future—and the setting is New San Francisco, the scorched-earth tech-dominant police state where democracy and personal freedom have been well and truly obliterated."
1126166,Flight Risk,2025-01-22,30.883,"A pilot transports an Air Marshal accompanying a fugitive to trial. As they go across the Alaskan wilderness, tensions soar and trust is tested as not everyone on board is who they seem."
1247353,Killer Influence,2024-12-27,22.591,"In the midst of summer, Alex, a successful influencer, invites a few friends to her small isolated country house. One evening, after streaming a live video, they are visited by a particularly persistent stalker - The begining of a dreadful night they'll never forget."
37797,Whisper of the Heart,1995-07-15,30.923,"Shizuku lives a simple life, dominated by her love for stories and writing. One day she notices that all the library books she has have been previously checked out by the same person: 'Seiji Amasawa'."
1290213,404 Run Run,2024-11-28,30.415,"Nakrob, a young real estate swindler, discovers an abandoned hillside hotel by the beach. Seeing an opportunity, he decides to turn it into a luxury hotel scam."
365620,Ferrari,2023-12-14,29.23,"Set during the summer of 1957. Ex-racecar driver, Enzo Ferrari, is in crisis. Bankruptcy stalks the company he and his wife, Laura, built from nothing ten years earlier. Their tempestuous marriage struggles with the mourning for one son and the acknowledgement of another."
1000837,I’m Still Here,2024-09-19,29.107,"In the early 1970s, the military dictatorship in Brazil reaches its height. The Paiva family - Rubens, Eunice, and their five children - live in a beachside house in Rio, open to all their friends. One day, Rubens is taken for questioning and does not return."
1236419,Piece by Piece,2024-10-10,29.017,The story of the life and career of American musician Pharrell Williams in the style of LEGO animation.
14069,The Girl Who Leapt Through Time,2006-07-15,28.811,"When 17-year-old Makoto Konno gains the ability to, quite literally, ""leap"" backwards through time, she immediately sets about improving her grades and preventing personal mishaps. However, she soon realises that changing the past isn't as simple as it seems, and eventually, will have to rely on her new powers to shape the future of herself and her friends."
1152014,A Little Something Extra,2024-04-18,28.746,"To escape the police, a father and his son are forced to find refuge in a summer camp for young adults with mental disabilities, taking on the role of an educator and a boarder. The beginning of troubles and a wonderful human experience that will change them forever."
1276644,And the Breadwinner Is...,2024-12-25,28.648,"Bambi Salvador is a breadwinner working as an OFW based in Taiwan for her family back home. She then returns to her hometown expecting her dream house to be finished on her birthday. Instead, she returns to see their dilapidated house."
1144681,Armand,2024-09-27,28.446,"Armand, a 6-year-old boy, is accused of crossing boundaries against his best friend at elementary school. While no one knows what actually happened between the two boys, the incident triggers a series of events, forcing parents and school staff into a captivating battle of redemption where madness, desire and obsession arise."
710295,Wolf Man,2025-01-15,27.735,"With his marriage fraying, Blake persuades his wife Charlotte to take a break from the city and visit his remote childhood home in rural Oregon. As they arrive at the farmhouse in the dead of night, they're attacked by an unseen animal and barricade themselves inside the home as the creature prowls the perimeter. But as the night stretches on, Blake begins to behave strangely, transforming into something unrecognizable."
406,La Haine,1995-05-31,27.244,"After a chaotic night of rioting in a marginal suburb of Paris, three young friends, Vinz, Hubert and Saïd, wander around unoccupied waiting for news about the state of health of a mutual friend who has been seriously injured when confronting the police."
927547,All We Imagine as Light,2024-09-21,26.963,"In Mumbai, Nurse Prabha's routine is troubled when she receives an unexpected gift from her estranged husband. Her younger roommate, Anu, tries in vain to find a spot in the city to be intimate with her boyfriend. A trip to a beach town allows them to find a space for their desires to manifest."
943134,The Animal Kingdom,2023-10-04,26.67,"In a world hit by a wave of mutations transforming humans into animals, François does everything he can to save his wife. As some of the creatures disappear into a nearby forest, he and their son Émile embark on a quest that will change their lives forever."
843416,Daddio,2024-06-27,26.442,A woman taking a cab ride from JFK engages in a conversation with the driver about the important relationships in their lives.
1109237,The Monk and the Gun,2023-10-17,25.563,"An American travels to Bhutan searching for a valuable antique rifle and crosses paths with a young monk who wanders through the serene mountains, instructed by his teacher to make things right again."
1026227,There's Still Tomorrow,2023-10-26,25.05,"In post-war Italy, the family of typical housewife Delia is in turmoil over the impending engagement of beloved firstborn Marcella. The arrival of a mysterious letter, however, will ignite Delia's courage to face her abusive husband and imagine a better future."
1396811,Loud Places,2025-01-18,24.564,"WALLS THAT ONCE HOUSED NOISE | LIVING PORTRAITS OF DEAD MUSIC VENUES  Loud Places captures three iconic venues in their current state - venturing inside a restaurant, a gym and a vaudeville theatre to explore the addresses that were once home to live music.  Bringing together the performers, promoters and audience members that once made these places their sonic homes, we seek to reawaken the walls that once housed noise across London, Paris and Berlin."
1211472,September 5,2024-12-13,22.98,"During the 1972 Munich Olympics, an American broadcasting team is thrust from covering sports to reporting a dramatic hostage situation involving Israeli athletes. A young producer, unexpectedly leading the live broadcast, faces difficult decisions as time runs out, rumors spread, and the hostages' lives hang in the balance."
1079244,Bonhoeffer: Pastor. Spy. Assassin.,2024-11-20,22.692,"As the world teeters on the brink of annihilation, Dietrich Bonhoeffer joins a deadly plot to assassinate Hitler, risking his faith and fate to save millions of Jews from genocide."
34067,Pokémon: Lucario and the Mystery of Mew,2005-07-16,22.117,"In the legendary past, before Poké Balls were invented, an aura-guiding hero Pokémon named Lucario sensed two groups of armies about to clash, and a threat of a massive war in front of Oldoran Castle in Kanto that would leave no survivors. He transferred this message to his master, the legendary hero Arlon, while he was being attacked by a violent group of Hellgar. During the battle, his sense of sight was lost and he was rendered unable to see. He used the detection of his Aura, and so with the offensive Wave Bomb, he eliminated them. Though by the threat, the queen of Rota, Lady Rin was resolute to die with her civilians, and so Arlon made a choice."
1028196,Nickel Boys,2024-12-13,20.055,Chronicles the powerful friendship between two young Black teenagers navigating the harrowing trials of reform school together in Florida.
765421,Crossing,2024-03-22,23.293,"Lia, a retired teacher from Georgia, learns from her young neighbor, Achi, that her long-lost transgender niece, Tekla, has crossed the border into Turkey. In search of Tekla, Lia travels to Istanbul with the unpredictable Achi, where they explore the hidden depths of the city."
11101,Stalingrad,1993-01-20,17.422,"A German Platoon is explored through the brutal fighting of the Battle of Stalingrad. After half of their number is wiped out and they're placed under the command of a sadistic captain, the platoon lieutenant leads his men to desert. The platoon members attempt escape from the city, now surrounded by the Soviet Army."
1235431,Oshi no Ko -The Final Act-,2024-12-20,18.126,"Goro is a gynecologist and idol fan who’s in shock after his favorite star, Ai, announces an impromptu hiatus. Little does Goro realize that he’s about to forge a bond with her that defies all common sense! Lies are an idol’s weapon!"
628922,Asphalt City,2024-03-28,19.94,"A young paramedic is paired with a seasoned partner on the night shift in New York revealing a city in crisis. Discovering the chaos firsthand, he is tested with the ethical ambiguity that can be the difference between life and death."
1187417,Rumours,2024-10-18,20.142,"En route to the annual G7 summit, the seven leaders of the world’s wealthiest liberal democracies get lost in the woods and face increasing peril while attempting to draft a provisional statement regarding a global crisis."
1205021,Rambo,2025-01-01,19.838,Upcoming Rambo remake starring Tiger Shroff
1155828,Sing Sing,2024-07-12,20.791,"Divine G, imprisoned at Sing Sing for a crime he didn't commit, finds purpose by acting in a theatre group alongside other incarcerated men in this story of resilience, humanity, and the transformative power of art."
1321326,The Haunted Apartment,2024-12-25,18.744,"After their mother passed away, Alma and her younger sister, Mia, moved from Jakarta to Surabaya because Alma got a job as the manager of Sasmaya Apartments. Strangely, the 6th floor of the building was closed off. However, due to an urgent situation, Alma and Mia were forced to enter the floor and go into unit 610. There, they saw the figure of a mysterious woman and a little girl who said, “Four days, sunset…” From that moment, Alma and Mia began to experience terrifying hauntings. It turns out that unit 610 was a haunted place. Anyone who opens it will die in four days at sunset."
1134682,Dominion of Darkness,2024-10-03,23.059,"After losing his mother and sister, Thomas plans to resign as a priest but is tasked with assisting exorcist Rendra. Together, they confront demons possessing Kayla, his late sister's friend, while her mother Maya battles a haunting past."
714650,One Win,2024-12-04,17.039,"A former volleyball star, Woo-jin has been struggling to keep his children’s volleyball school that’s about to go out of business. Left without much choice, he agrees to coach a women’s volleyball team that is the unquestioned worst in the league with only secondrate players and an eccentric club owner. According to Woo-jin’s contract, all he needs to do is win just ‘one’ game."
20043,Royal Space Force - The Wings Of Honneamise,1987-03-14,15.129,"On a future Earth, war between the Kingdom of Honneamise and its rival, The Republic, is inevitable. As evolving technology creates new ways to wage war, a small group seeks to propel mankind into space in their world’s first spaceflight program. For astronaut candidate Shirotsugh Lhadatt, it’s a personal odyssey as he grows from an aimless young man into a leader willing to put everything on the line in order to move the human race forward and away from the brink of Armageddon."
1235499,The Last Showgirl,2024-12-13,17.859,"When the glittering Las Vegas revue she has headlined for decades announces it will soon close, a glamorous showgirl must reconcile with the decisions she’s made and the community she has built as she plans her next act."
859235,Coup de Chance,2023-09-15,20.089,"Fanny and Jean have everything of an ideal couple: fulfilled in their professional life, they live in a magnificent apartment in the beautiful districts of Paris and seem to be in love as on the first day. But when Fanny crosses, by chance, Alain, a former high school friend, she is immediately capsized. They see each other again very quickly and get closer and closer."
884184,Consecration,2023-02-09,19.059,"After the alleged suicide of her priest brother, Grace travels to the remote Scottish convent where he fell to his death. Distrusting the Church's account, she uncovers murder, sacrilege and a disturbing truth about herself."
870360,The Day the Earth Blew Up: A Looney Tunes Movie,2024-02-28,20.841,"Porky and Daffy, the classic animated odd couple, turn into unlikely heroes when their antics at the local bubble gum factory uncover a secret alien mind control plot. Against all odds, the two are determined to save their town (and the world!)...that is if they don't drive each other crazy in the process."
979097,Memory,2023-12-22,17.725,"Sylvia is a social worker who leads a simple and structured life: her daughter, her job, her AA meetings. This is blown open when Saul follows her home from their high school reunion. Their surprise encounter will profoundly impact both of them as they open the door to the past."
658224,"The Wizard of the Emerald City, Part 1",2025-01-01,17.892,"Ellie lives in a distant city. One day, the evil witch Gingema conjured a hurricane that took Ellie and her dog Totoshka to the country of the Munchkins. To return home, Ellie and her friends the Scarecrow, the Tin Woodman and the Cowardly Lion will set off along the yellow brick road to the Emerald City in search of the Wizard who will grant their cherished wishes."
1276089,A Few Hours in One Day,2025-01-01,13.813,"Yassin (Hisham Magdy) and Sara (Hana El Zahid) meet and find themselves in romantic, comedic situations. Omnia (Mai Omar) and Tarek (Ahmed Saadany), the most famous couple on social media, share with us their real story. Amal (Asmaa Galal) and Mohamed (Mohamed Sharnoubi) discover the betrayal of the love of his life. Yasra (Huda El Mufti) embarks on a crazy adventure against her fiancé (Mohamed Salam). What will these hours do in the lives of our heroes?"
1000862,The Good Teacher,2024-03-27,14.814,"Julien, a young teacher, is wrongfully accused of sexual misconduct by a teenage girl from his class. As he faces mounting pressures from the girl’s older brother and her classmates, the situation spirals out of control. Allegations spread, the entire school is thrown into turmoil, and the teacher has to fight to clear his name."
38360,The Cranes Are Flying,1957-10-12,16.184,"Veronika and Boris come together in Moscow shortly before World War II. Walking along the river, they watch cranes fly overhead, and promise to rendezvous before Boris leaves to fight. Boris misses the meeting and is off to the front lines, while Veronika waits patiently, sending letters faithfully. After her house is bombed, Veronika moves in with Boris' family, into the company of a cousin with his own intentions."
947938,Dolphin Boy,2022-04-07,16.183,"When a plane crashes at sea, dolphins rescue a little boy and raise him as family. He lives a carefree life beneath the waves until an evil monster seizes power over the underwater world. Banished to dry land, the boy is taken in by a kind-hearted captain. With his new companion's help, the boy embarks on a journey to solve the mystery of his true identity."
1244112,The Super Elfkins,2024-12-24,16.121,"Helvi's world is turned upside down when she discovers the existence of a technically advanced Elfkin gang that, in stark contrast to Elfie’s own clan, is second to none when it comes to fun and thrill-seeking. Can Helvi’s friendship with Bo, the youngest gang member, reconcile the two Elfkin clans after more than 250 years?"
1400201,December 31st Express,2024-12-26,15.545,"December 31st Express was supposed to be an ordinary, quiet rail run, at least that's what conductor Mykola Ivanovych thought. However, fate had other plans for this."
1013154,Hard Truths,2024-12-06,14.999,"Pansy is a woman tormented by anger and depression, hypersensitive to the slightest possible offence and ever ready to fly off the handle. She criticises her husband and their adult son so relentlessly that neither bothers to argue with her. She picks fights with strangers and sales clerks and enumerates the world's countless flaws to anyone who will listen, especially her cheerful sister Chantelle, who, despite their clashing temperaments, might be the only person still capable of sympathising with her."
1232493,No Other Land,2024-11-08,14.924,"Made by a Palestinian-Israeli collective, this documentary shows the destruction of the West Bank’s Masafer Yatta by Israeli authorities and the unlikely friendship that blossoms between Palestinian activist Basel Adra and Israeli journalist Yuval Abraham."
1405189,Teacher's Pet,2025-01-03,14.76,"Robin, a young student, is obsessed with Tanya, his teacher. He then sees Tanya kissing a female student, so he blackmails her. When Robin believes that he is in control, he learns Tanya's dark personality."
11681,The Two Missionaries,1974-12-21,14.034,"Two missionaries come into conflict with the authorities when they turn their missionary into a parrot farm. The Bishop of Maracaibo calls them his 'black sheep' and the Monsignore has been called to check on their behavior. Like usual, our heroes help the poor to defend themselves and provoke some funny fist fights in the process."
9300,Orlando,1992-12-11,13.78,"England, 1600. Queen Elizabeth I promises Orlando, a young nobleman obsessed with poetry, that she will grant him land and fortune if he agrees to satisfy a very particular request."
1113583,"Oh, Canada",2024-12-06,13.7,"Famed Canadian-American leftist documentary filmmaker Leonard Fife was one of sixty thousand draft evaders and deserters who fled to Canada to avoid serving in Vietnam. Now in his late seventies, Fife is dying of cancer in Montreal and has agreed to a final interview in which he is determined to bare all his secrets at last, to demythologize his mythologized life."
1027009,Kleks i wynalazek Filipa Golarza,2025-01-10,12.971,"Part two of ""Kleks Academy"" reimagining, which is a modernized version of the classic fairy tale by Brzechwa, speaking with its content and form to the youngest, but also entering into a dialogue with older viewers who still remember the cult adaptation from the 1980s. The film tells the story of a seemingly ordinary girl - Ada Niezgódka - who hits to the eponymous Academy to get to know the world of fairy tales, imagination and creativity. With the help of the outstanding and crazy educator, Professor Ambroży Kleks, she develops her amazing skills, and also comes across a trail that will help her unravel the greatest family secret ..."
1030588,Ghost Cat Anzu,2024-07-19,12.491,"Precocious tween Karin finds herself abandoned by her father in rural Japan. Living in a temple with her grandfather, she meets Anzu, a giant ""ghost cat"" and notorious layabout tasked with looking after her. Distrustful of her new guardian, Karin sabotages Anzu's odd jobs for the townsfolk and befriends the eccentric local forest spirits. In an effort to win Karin over, Anzu accidentally makes a deal with the devil, and all Hell breaks loose."
1232827,The Girl with the Needle,2024-09-06,12.218,"Karoline, a young factory worker, finds herself abandoned and pregnant while striving to climb out of poverty in post WWI Copenhagen. Amidst her struggles, she meets Dagmar, a charismatic woman running a hidden adoption agency within a candy store, helping poor mothers in finding foster homes for their unwanted children."
1020414,Peter Pan's Neverland Nightmare,2025-01-13,12.176,"After her brother Michael is abducted by 'the boy who won't grow up' Peter Pan, Wendy Darling goes on a daring rescue mission."
1228475,Finist. The First Warrior,2024-12-29,12.109,"Finist Yasny Sokol is the most famous hero of Belogorye, the strongest, most dexterous and most deserved. Well, the most beautiful, of course. All other heroes are equal to him, children want to be like him, and girls just look at him. Finist is a real superstar. And he carefully protects and maintains this status of his. He needs more and more feats, he is simply obsessed with them. But there is a nuance. The practical benefit of the feat for Finist is no longer of decisive importance. Let's say, freeing a village from a herd of wild boars that tramples down crops is boring, uninteresting, futile: they won't gossip about it, they won't admire it. But going to the end of the world, where Beauty is imprisoned in a tower, guarded by an unimaginable Beast, is a challenge."
1078600,Marked Men,2025-01-22,11.997,"Shaw Landon has loved Rule Archer from the moment she laid eyes on him. Rule, a fiery-tempered rebel tattoo artist, doesn’t have time for a good girl pre-med student like Shaw – even if she’s the only one who can see the person he truly is. She lives by other people’s rules; he makes his own. But a short skirt, too many birthday cocktails, and spilled secrets lead to a night neither can forget. Now, Shaw and Rule must figure out how a girl like her and a guy like him are supposed to be together without destroying their love…or each other."
989909,Customs Frontline,2024-06-28,11.972,"Hong Kong Customs and Excise Department officers Chow Ching-lai and Cheung Wan-nam share a close mentor-student relationship. On a case involving seized smuggled arms, Ching-lai is sent to take part in a joint operation with Interpol to capture a reclusive arms dealer. However, Wan-nam makes a drastic decision that further complicates the case."
1244244,Cloud,2024-09-27,11.969,"Ryosuke Yoshii is an ordinary person, who supports himself by reselling things on the internet. He carelessly earns grudges by people around him and, in the end, he is dragged into a desperate struggle that risks his life."
1063574,Misericordia,2024-10-16,11.959,"Jérémie returns to his hometown for an old friend’s funeral. In this village where so much goes unsaid, he must contend with rumours and suspicion, until he commits an irreparable act and finds himself at the centre of a police investigation."
1158996,Souleymane’s Story,2024-10-09,11.945,"As he pedals through the streets of Paris to deliver meals, Souleymane repeats his story. In two days, he has to go through his asylum application interview, the key to obtaining papers. But Souleymane is not ready."
1063574,Misericordia,2024-10-16,11.959,"Jérémie returns to his hometown for an old friend’s funeral. In this village where so much goes unsaid, he must contend with rumours and suspicion, until he commits an irreparable act and finds himself at the centre of a police investigation."
1158996,Souleymane’s Story,2024-10-09,11.945,"As he pedals through the streets of Paris to deliver meals, Souleymane repeats his story. In two days, he has to go through his asylum application interview, the key to obtaining papers. But Souleymane is not ready."
881366,The End,2024-12-06,11.618,"After the sudden arrival of a stranger threatens the family’s luxurious compound deep underground, Son begins to question their seemingly perfect existence."
1136837,Caught by the Tides,2024-11-22,11.595,"Years after her boyfriend left her for the big city and promised to bring her there after he’s settled down, a Chinese woman sets out on a journey to be reunited with him."
1210732,How to Make a Killing,2025-01-01,11.407,"Michel and Cathy, wed for longer than they can remember, lead a quiet but monotonous life in the mountains. When a bear bursts out in front of Michel’s car, accidentally killing two drug dealers and revealing a €2 million loot in the process, their life takes an unpredictable turn, especially when they decide to cover up the incident and keep the money! But their plan leads them to stumble upon an unexplained trail of dead bodies. More used to being honest than crooked, Michel and Cathy’s clumsy cover-up efforts soon put an interfering inspector hot on their trail."
1130402,Not Without My Shrink,2024-12-11,11.378,A successful psychoanalyst's life is turned upside down by a very anxious and extremely clingy patient who starts dating his daughter.
974663,200% Wolf,2024-07-04,11.294,"When Freddy Lupin's wayward wish transforms him into a werewolf and deposits a mischievous moon sprite on Earth, Freddy must restore the cosmic order before the earth and moon collide."
850439,The Damned,2025-01-03,10.877,"A 19th-century widow is tasked with making an impossible choice when, during an especially cruel winter, a ship sinks off the coast of her impoverished Icelandic fishing village. Any attempt to rescue survivors risks further depleting the starving villagers’ supplies."
1056652,Saint-Exupéry,2024-12-11,10.875,"The story takes us back to 1930 and centres around Antoine de Saint-Exupéry, an Airmail pilot in Argentina. When his best friend who happens to be Airmail’s best pilot Henri Guillaumet disappears in the Andes, Saint-Ex decides to set out in search of him, against all odds. This impossible quest forces him to push beyond his limits, turning his capacity to dream into his greatest strength..."
1274746,Baby,2025-01-09,10.863,"After being released from a juvenile detention center, Wellington finds himself alone and adrift on the streets of São Paulo, without any contact from his parents and lacking the resources to rebuild his life. During a visit to a porn theater, he encounters Ronaldo, a mature man, who teaches him new ways of surviving. Gradually, their relationship turns into a conflicting passion, oscillating between exploitation and protection, jealousy and complicity."
1140535,Presence,2025-01-17,10.836,A family moves into a suburban house and becomes convinced they’re not alone.
1086495,Taklee Genesis,2024-09-12,10.4,"A time-travel adventure that takes place during the Cold War when a US military base in Thailand was testing the Taklee Genesis, a warp-speed teleporter even though it had not yet been fully developed. After the war, the Taklee Genesis was left behind in Thailand and was being illegally used by someone."
1084199,Companion,2025-01-10,10.325,Hey you. Tired of swiping? Sick of getting ghosted? Are you feeling like a part of you is missing? FindYourCompanion.com is guaranteed to find you a Companion who’s made for you
993710,Back in Action,2025-01-17,10.195,"Years after giving up life as CIA spies to start a family, Emily and Matt are pulled back into the world of espionage when their cover is blown."
1249289,Alarum,2025-01-16,10.191,"After the CIA discovers the whereabouts of two rogue spies, who have not only gone off-grid but have become husband and wife, all hell is unleashed on their winter honeymoon cabin resort in the woods by a consortium of international spy organizations who are after a ‘flight pill’, aka a hard drive, and all of whom suspect the two may have joined a network of rogue spies known as the Alarum,” according to since removed post."
865910,The Plot,2024-05-29,10.055,"Young-il is a plotter who manipulates murder-for-hire cases to look like accidents. Nobody knows those accidents are in fact perfectly plotted, planned murders. After finishing a flawlessly plotted case with no trace of evidence left behind, Young-il receives a new request. His new target is a prominent political figure who is always under the spotlight. Even with the higher risk of getting exposed, Young-il decides to take the case with his team members, Jackie, Wol-cheon, and Jeom-man. When the plot is ready after immaculate preparation and numerous rehearsals, the team finally makes its move, but some unexpected trouble threatens Young-il’s perfect plan."
1267822,My Sunshine,2024-09-20,9.804,"Two young skaters, polar opposites in personality, team up to train for a figure skating duo, their growing bond blurring the lines between partners and more as winter unfolds."
890203,The Book of Wonders,2023-03-15,9.747,"This is the crazy bet of a mother ready to do anything to help her 12-year-old son, Louis, wake up from his coma. After Louis' accident, Thelma decides to do for him the ""10 things to do before the end of the world"" that he had written in his diary. By listening to these adventures, Louis will see how beautiful life is and that he must come back! By fulfilling a teenager's dreams at the age of forty, Thelma will experience an incredible journey that will take her farther than she ever imagined."
1003722,Quiet Life,2025-01-01,9.687,"Sergei and Natalia have fled Russia with their daughters Katya and Natalia and are seeking refugee status in Sweden. Their application is rejected and the younger of the daughters, Katya, falls into a coma like state, known as apathy."
1366291,Delirium,2025-01-01,9.657,"A bucolic fantasy frolic in which an adaptable young woman must navigate a bewildering and whimsical phantasmagoria, populated by anthropomorphic and bombastic creatures. The characters she encounters, she discovers, reject established facts and knowledge in favour of: galvanising, albeit meaningless soundbites (often in the form of riddles and poetry), vigilantism and its blunt implementation of “justice” and cult-like acts of dissent. Ironically, leading these academic rebellions are the establishment figures themselves."
1324119,El Dashash,2025-01-01,9.42,
811944,Game Changer,2025-01-09,9.276,"Ram, a newly appointed district collector takes charge in a city in Andhra Pradesh. He Immediately confronts the deeply entrenched corruption and inefficiency plaguing the government. Determined to bring reforms, he initiates sweeping changes, sparking a fierce conflict with a powerful state Minister."
1211119,Grind,2025-01-01,9.246,"A group of college students host a midnight grindhouse film festival. They discover a cursed arthouse horror called The Creeping Chaos. In classic horror fashion, they screen the film, unleashing absolute mayhem."
1126934,What You Wish For,2023-07-30,9.132,A talented chef with gambling woes flees to a Latin American villa to visit an old friend who appears to be living an extraordinary life as a private chef. Envy soon turns to greed and then to something deeply unsettling for the chef when he assumes his friend's life and discovers the motives of his mysterious clients.
1172241,Pepe,2025-01-01,9.119,"A voice  that claims to be from a hippopotamus. A voice that doesn’t understand the perception of time. Pepe, the first and last hippo killed in the Americas, tells his story with the overwhelming orality of these towns."
1126692,"No Chains, No Masters",2024-09-18,9.109,"1759, Mauritius Island, Indian Ocean. The island is controlled by French settlers and the deported slave population live in fear while toiling in the sugar cane plantations. Unlike her disillusioned father Massamba, 16-year-old Mati refuses to keep her head down and accept her fate. One night she flees from the plantation, hoping to escape violence and seek freedom in a remote part of the island, where a community of fugitives is said to live. As the plantation owner hires the merciless slave hunter Madame La Victoire and her sons to pursue Mati, Massamba realises the brutal consequences awaiting his daughter if she’s captured. He has no choice but to break his chains and set off on a desperate search for her. As a relentless hunt ensues in the island’s unforgiving jungle, the father and daughter forever break away from the colonial order."
1353675,All My Friends,2025-01-01,9.008,"Allie and Jacob are inseparable best friends, rambling on in between playing gigs for empty crowds. But when a dream job is set to separate them, tensions and emotions arise in unexpected ways."
1084145,Hammarskjöld: Fight for Peace,2023-12-25,8.999,"A speculative biopic about Swedish UN Secretary-General Dag Hammarskjöld, the anti-colonialist, allegedly queer diplomat who died under mysterious circumstances during the Cold War while trying to bring peace to the Congo."
949716,Vidaamuyarchi,2025-01-10,8.918,"A married couple's trip takes an unsettling turn when the wife goes missing, prompting the husband to search for her against all odds."
1256223,Dove osano le cicogne,2025-01-01,8.878,"The film tells the story of a couple who, desperately looking for a child, go to Spain to place themselves in the hands of a clinic specializing in assisted reproduction. Their plans will be turned upside down by meeting a seemingly perfect young girl who will offer to carry on the pregnancy for them."
676685,Panda Bear in Africa,2024-03-15,8.765,"A young adventurous panda travels from China to Africa to rescue his best friend, Jielong the Dragon, who has been kidnapped. On his journey, he discovers a strange amazing new world of mountains, deserts and jungles."
1033023,Nobody Likes Me,2025-01-16,8.742,"Sara is an attractive 29-year-old single woman. She works as a secretary at the army headquarters in Prague. Although strong young men constantly surround her, she has not found a partner yet, probably due to her authoritarian mother. Yet Sara enjoys solitude and has come to terms with her position as a detached observer of other people´s lives. She is fascinated when she meets the gallant, graceful, and soft-faced Martin. Gradually, their connection grows, but when Sara wants to take their relationship to a deeper and more physical level, Martin shies away. He is hiding a deep secret. Refusing to accept his unwillingness to open up to her, Sara compels him to expose himself, and when he finally does, it turns out he is intersex, a hermaphrodite. Sara’s love remains strong, but when she unintentionally reveals Martin’s secret to her family, she discovers that her joy at the relationship has blinded her to the reality of how society deals with “freaks.”"
1122573,In the Grey,2025-01-16,8.587,Two extraction specialists must plan an escape path for a high-level female negotiator.
60046,The Traffic Policeman,1960-11-16,8.526,An unemployed man gets a job as traffic policeman but the traffic in the big city creates innumerous problems for the poor guy.
1377514,Slow Train,2025-01-02,8.503,
1178574,Papa,2024-12-05,8.448,"From director Philip Yung comes another gripping true-crime drama, this time inspired by the shocking 2010 case of a 15-year-old boy who murdered his mother and sister. Nin Yuen returns to his cha chaan teng, haunted by memories of a once-happy family: his wife preparing breakfast, his son playing video games, and his daughter caring for their calico cat. Yuen finds himself unable to hate the living or forget the dead. As they confront life’s cruelty, will Yuen and his son’s strained relationship ever find redemption? "
1223822,"The King, the Swordsman and the Sorceress",2025-01-01,8.433,Plot details unknown.
1261756,Utusan Iblis: Dia Yang Berada di Antara Kita,2025-01-02,8.385,"Telling the story of Olivia, a psychiatrist specializing in mental health, who tries to help Rendy, a police officer, dealing with a brutal massacre case carried out by Cantika against her child and husband. After going through several therapy sessions, Olivia's own psychological condition deteriorates. A terrifying entity has long possessed Cantika’s body and was the reason she slaughtered her entire family, and now it is causing Olivia’s past to resurface."
1384914,End of History,2025-01-01,8.347,A man obsessed with motivational and right wing culture war videos goes on a hollow road trip of discovery.
1170841,Seeking Haven for Mr. Rambo,2025-01-01,8.341,"Rambo, Hassan's dog and his only friend, was involved in a dangerous incident without guilt, to become pursued by the state and Karem, Hassan's neighbor. This pushes Hassan to search for an unofficial and safe way to get Rambo out of the country and save him from an unknown fate."
938180,Iemanjá - Ocean's Goddess,2025-01-01,8.289,"Following a crucial theme in Brazilian culture, “Iemanjá – Ocean’s Goddess” will tell the story of Iemanjá, an Orixá or goddess adored by the Brazilian people and also known as the Queen of the Sea. With Ogum, the King of War, as her mentor, Iemanjá, who has psychic abilities, battles with Iansã, an Orixá worshiped as the Storm Goddess."
1285282,Muay Thai Hustle,2025-01-09,8.194,"Saen San Phan San Su tells the story of 'Saen', a down and out boxer whose future is about to end because of the goodwill of his friends, until the boxing industry turns its back on him. He returns to live with his mother in the province. Many things happen until he sees death as a warning, causing him to return to search for the legendary boxing teacher. And finally, he gets what he has dreamed of, plus a wife..."
1290773,Pororo: Underwater Adventure,2025-01-01,8.171,"Pororo and his friends visit the stronghold of the Red Hunters, the guardians of the ocean, filled with admiration in their hearts. They face consecutive attacks from sea garbage, nasty sharks, and the terrifying sea monster Situs. Though Pororo and Crong are rescued by Merlok, their attempt to hunt Situs fails, and the creature escapes with their friends swallowed. Refusing to give up on their friends, Pororo and Crong decide to help Merlok capture Situs. However, Merlok’s revealed plan to sacrifice their friends shocks Pororo deeply. Can Pororo and Crong stop Merlok and save their friends?"
1233208,Santosh,2024-07-17,8.112,"A government scheme sees newly widowed Santosh inherit her husband’s job as a police constable in the rural badlands of Northern India. When a low-caste girl is found raped and murdered, she is pulled into the investigation under the wing of charismatic feminist inspector Sharma."
1337561,Yukiko a.k.a,2025-01-01,8.07,"Yukiko, a 29-year-old elementary school teacher in Tokyo, struggles with student communication and personal insecurities. Overlooked in the “Favorite Teacher Ranking” and uneasy about her boyfriend’s marriage hints, she finds solace in hip-hop. Yet, in her first rap battle, she is completely overwhelmed by her opponent. This story follows Yukiko’s journey to discover the meaning of living authentically."
1122418,This Time Next Year,2024-06-28,8.056,"Minnie and Quinn were both born in London on New Year’s Day, in the same hospital, one minute apart. Thirty years later — and very different people — they find themselves thrown together again in the same city on New Year’s Eve."
1315621,A Capodanno tutti da me,2025-01-01,8.053,
1075815,Joan Baez: I Am a Noise,2023-10-06,7.853,"Since her debut at the age of 18, musician, civil rights campaigner and activist Joan Baez has been on stage for over 60 years. For the now 82-year-old, the personal has always been political, and her friendship with Martin Luther King and her pacifism have shaped her commitment. In this biography that opens with her farewell tour, Baez takes stock in an unsparing fashion and confronts sometimes painful memories."
1234397,Grand Theft Hamlet,2024-12-06,7.827,"Two unemployed friends have a fresh idea: They want to stage Shakespeare's 'Hamlet' in Grand Theft Auto. But even in a virtual world, reality intrudes in a wild and trippy film shot entirely inside the ultra-violent video game."
1346709,"RM: Right People, Wrong Place",2024-12-05,7.776,"Chronicles artist RM's eight-month production of his second solo album, “Right Place, Wrong Person,” while candidly recording the endless concerns of the person Kim Namjoon, and the things he immerses himself in and loves."
1340411,Amen Break,2025-01-01,7.765,A crew of fixers working behind the scenes for a trendy New York City restaurant recap the morning after a deal gone bad.
1226777,Eephus,2025-01-01,7.75,"As an imminent construction project looms over their beloved small-town baseball field, a pair of New England rec-league teams face off for the last time. Tensions flare up and ceremonial laughs are shared as an era of camaraderie and escapism fades into an uncertain future."
1256195,Justice: The Movie,2025-01-01,7.741,Attorney Harry Franklin takes on the case of a man he's convinced is wrongfully accused of murder.
966238,La Cocina,2024-10-25,7.701,"It is the lunchtime rush at The Grill, a New York tourist trap that serves thousands of customers on a regular Friday like today. Money has gone missing from the till and all the workers are being questioned."
1057006,Sight,2024-05-24,7.571,"Ming Wang is an impoverished Chinese prodigy who flees Communist China to become a pioneering eye surgeon in America. When tasked with restoring the sight of an orphan in India, who was blinded by her stepmother, Wang must confront the trauma of living through the violent uprising in his youth, the Cultural Revolution."
1381564,Poca Pon,2025-01-01,7.554,This is Poca Pon
1398848,Maracá,2025-01-01,7.52,
1241894,Woodwalkers,2024-10-17,7.51,"Humans who can shapeshift into animals struggle to integrate with others without giving away their special abilities. As a group, they strive to inform and institute change in the world perspective of deforestation and the importance of natural habitats. However, when that can’t happen, they are forced to take matters into their own hands."
1378446,The Hitman's Lament,2025-01-01,7.502,"In the final stages of his life, a young, regretful Hitman diagnosed with terminal cancer reflects on his past, recounting the irreversible moments that left him in isolation and remorse. All the while a driven detective is on his case, doing whatever it takes to find him."
1391968,Mission Entity,2025-01-01,7.429,"A skilled agent for Mi 6 is sent to find the two halves of the key to stop a rouge ai intelligence and must board a hacked cruise ship and team up with a technical genius to stop the threat from taking control over the ship, and even the world."
